INSERT INTO sys_dict (ID, DICT_CODE, DICT_NAME, TENANT_ID, VALIDATE_STATE, CREATED_BY, CREATED_TIME, UPDATED_BY, UPDATED_TIME) VALUES (1, 'sex', '性别', 'S000', '1', null, '2020-01-19 10:00:32', null, '2020-01-19 10:00:32');
INSERT INTO sys_dict_detail (ID, DICT_ID, DICT_DETAIL_NAME, DICT_DETAIL_VALUE, TENANT_ID, VALIDATE_STATE, CREATED_BY, CREATED_TIME, UPDATED_BY, UPDATED_TIME) VALUES (1, 1, '男', '1', 'S000', '1', null, '2020-01-19 10:00:46', null, '2020-01-19 10:00:46');
INSERT INTO sys_dict_detail (ID, DICT_ID, DICT_DETAIL_NAME, DICT_DETAIL_VALUE, TENANT_ID, VALIDATE_STATE, CREATED_BY, CREATED_TIME, UPDATED_BY, UPDATED_TIME) VALUES (2, 1, '女', '2', 'S000', '1', null, '2020-01-19 10:00:53', null, '2020-01-19 10:00:53');
INSERT INTO sys_dict_detail (ID, DICT_ID, DICT_DETAIL_NAME, DICT_DETAIL_VALUE, TENANT_ID, VALIDATE_STATE, CREATED_BY, CREATED_TIME, UPDATED_BY, UPDATED_TIME) VALUES (3, 1, '不男不女', '3', 'S000', '1', null, '2020-01-19 10:01:01', null, '2020-01-19 10:01:01');
INSERT INTO sys_permission (ID, PERMISSION_NAME, PERMISSION_TYPE, PERMISSION_EXPRESSION, HTTP_METHOD, PERMISSION_URL, PARENT_ID, TENANT_ID, VALIDATE_STATE, CREATED_BY, CREATED_TIME, UPDATED_BY, UPDATED_TIME) VALUES (1, '权限管理系统', 'root', null, null, null, 0, 'S000', '1', 'admin', '2019-10-21 06:59:50', 'admin', '2019-10-21 06:59:55');
INSERT INTO sys_permission (ID, PERMISSION_NAME, PERMISSION_TYPE, PERMISSION_EXPRESSION, HTTP_METHOD, PERMISSION_URL, PARENT_ID, TENANT_ID, VALIDATE_STATE, CREATED_BY, CREATED_TIME, UPDATED_BY, UPDATED_TIME) VALUES (2, '首页', 'url', '', 'GET', '/home', 1, 'S000', '1', 'admin', '2019-10-21 07:00:51', 'admin', '2019-10-21 07:00:56');
INSERT INTO sys_permission (ID, PERMISSION_NAME, PERMISSION_TYPE, PERMISSION_EXPRESSION, HTTP_METHOD, PERMISSION_URL, PARENT_ID, TENANT_ID, VALIDATE_STATE, CREATED_BY, CREATED_TIME, UPDATED_BY, UPDATED_TIME) VALUES (3, '操作权限', 'module', null, '', '', 1, 'S000', '1', 'admin', '2019-10-21 07:02:00', 'admin', '2019-10-21 07:02:12');
INSERT INTO sys_permission (ID, PERMISSION_NAME, PERMISSION_TYPE, PERMISSION_EXPRESSION, HTTP_METHOD, PERMISSION_URL, PARENT_ID, TENANT_ID, VALIDATE_STATE, CREATED_BY, CREATED_TIME, UPDATED_BY, UPDATED_TIME) VALUES (4, '用户管理', 'url', null, 'GET', '/sysuser', 3, 'S000', '1', 'admin', '2019-10-21 07:03:48', 'admin', '2019-10-21 07:03:52');
INSERT INTO sys_permission (ID, PERMISSION_NAME, PERMISSION_TYPE, PERMISSION_EXPRESSION, HTTP_METHOD, PERMISSION_URL, PARENT_ID, TENANT_ID, VALIDATE_STATE, CREATED_BY, CREATED_TIME, UPDATED_BY, UPDATED_TIME) VALUES (5, '角色管理', 'url', null, 'GET', '/sysrole', 3, 'S000', '1', 'admin', '2019-10-21 07:05:31', 'admin', '2019-10-21 07:05:47');
INSERT INTO sys_permission (ID, PERMISSION_NAME, PERMISSION_TYPE, PERMISSION_EXPRESSION, HTTP_METHOD, PERMISSION_URL, PARENT_ID, TENANT_ID, VALIDATE_STATE, CREATED_BY, CREATED_TIME, UPDATED_BY, UPDATED_TIME) VALUES (6, '资源管理', 'url', null, 'GET', '/sysresource', 3, 'S000', '1', 'admin', '2019-10-21 07:06:39', 'admin', '2019-10-21 07:06:49');
INSERT INTO sys_permission (ID, PERMISSION_NAME, PERMISSION_TYPE, PERMISSION_EXPRESSION, HTTP_METHOD, PERMISSION_URL, PARENT_ID, TENANT_ID, VALIDATE_STATE, CREATED_BY, CREATED_TIME, UPDATED_BY, UPDATED_TIME) VALUES (7, '菜单管理', 'url', null, 'GET', '/sysview', 3, 'S000', '1', 'admin', '2019-10-21 07:07:34', 'admin', '2019-10-21 07:07:42');
INSERT INTO sys_permission (ID, PERMISSION_NAME, PERMISSION_TYPE, PERMISSION_EXPRESSION, HTTP_METHOD, PERMISSION_URL, PARENT_ID, TENANT_ID, VALIDATE_STATE, CREATED_BY, CREATED_TIME, UPDATED_BY, UPDATED_TIME) VALUES (8, '角色资源授权管理', 'url', null, 'GET', '/sysroleresource', 3, 'S000', '1', 'admin', '2019-10-21 07:08:36', 'admin', '2019-10-21 07:08:46');
INSERT INTO sys_permission (ID, PERMISSION_NAME, PERMISSION_TYPE, PERMISSION_EXPRESSION, HTTP_METHOD, PERMISSION_URL, PARENT_ID, TENANT_ID, VALIDATE_STATE, CREATED_BY, CREATED_TIME, UPDATED_BY, UPDATED_TIME) VALUES (9, '数据字典', 'url', null, 'GET', '/sysdict', 1, 'S000', '1', 'admin', '2019-10-21 07:09:32', 'admin', '2019-10-21 07:09:42');
INSERT INTO sys_permission (ID, PERMISSION_NAME, PERMISSION_TYPE, PERMISSION_EXPRESSION, HTTP_METHOD, PERMISSION_URL, PARENT_ID, TENANT_ID, VALIDATE_STATE, CREATED_BY, CREATED_TIME, UPDATED_BY, UPDATED_TIME) VALUES (10, '代码生成', 'url', null, 'GET', '/sysgenerator', 1, 'S000', '1', 'admin', '2019-10-21 07:10:21', 'admin', '2019-10-21 07:10:27');
INSERT INTO sys_permission (ID, PERMISSION_NAME, PERMISSION_TYPE, PERMISSION_EXPRESSION, HTTP_METHOD, PERMISSION_URL, PARENT_ID, TENANT_ID, VALIDATE_STATE, CREATED_BY, CREATED_TIME, UPDATED_BY, UPDATED_TIME) VALUES (11, '租户管理', 'url', null, 'GET', '/systenant', 1, 'S000', '1', 'admin', '2019-10-21 07:11:07', 'admin', '2019-10-21 07:11:17');
INSERT INTO sys_permission (ID, PERMISSION_NAME, PERMISSION_TYPE, PERMISSION_EXPRESSION, HTTP_METHOD, PERMISSION_URL, PARENT_ID, TENANT_ID, VALIDATE_STATE, CREATED_BY, CREATED_TIME, UPDATED_BY, UPDATED_TIME) VALUES (36, '租户1', 'root', null, null, null, 0, 'S001', '1', null, '2019-11-06 16:10:05', null, '2019-11-06 16:10:05');
INSERT INTO sys_permission (ID, PERMISSION_NAME, PERMISSION_TYPE, PERMISSION_EXPRESSION, HTTP_METHOD, PERMISSION_URL, PARENT_ID, TENANT_ID, VALIDATE_STATE, CREATED_BY, CREATED_TIME, UPDATED_BY, UPDATED_TIME) VALUES (37, '租户2', 'root', null, null, null, 0, 'S002', '1', null, '2019-11-07 15:49:11', null, '2019-11-07 15:49:11');
INSERT INTO sys_permission (ID, PERMISSION_NAME, PERMISSION_TYPE, PERMISSION_EXPRESSION, HTTP_METHOD, PERMISSION_URL, PARENT_ID, TENANT_ID, VALIDATE_STATE, CREATED_BY, CREATED_TIME, UPDATED_BY, UPDATED_TIME) VALUES (38, '租户01资源01', 'module', '', '', '', 36, 'S001', '1', null, '2020-01-19 16:14:37', null, '2020-01-19 16:21:49');
INSERT INTO sys_permission (ID, PERMISSION_NAME, PERMISSION_TYPE, PERMISSION_EXPRESSION, HTTP_METHOD, PERMISSION_URL, PARENT_ID, TENANT_ID, VALIDATE_STATE, CREATED_BY, CREATED_TIME, UPDATED_BY, UPDATED_TIME) VALUES (39, '租户01资源02', 'module', '', '', '', 36, 'S001', '1', null, '2020-01-19 16:14:53', null, '2020-01-19 16:21:12');
INSERT INTO sys_permission (ID, PERMISSION_NAME, PERMISSION_TYPE, PERMISSION_EXPRESSION, HTTP_METHOD, PERMISSION_URL, PARENT_ID, TENANT_ID, VALIDATE_STATE, CREATED_BY, CREATED_TIME, UPDATED_BY, UPDATED_TIME) VALUES (40, '租户01资源01-01', 'url', '', 'GET', 'http://upms.pangu.com:8888/aaa', 38, 'S001', '1', null, '2020-01-19 16:15:20', null, '2020-01-19 16:21:21');
INSERT INTO sys_permission (ID, PERMISSION_NAME, PERMISSION_TYPE, PERMISSION_EXPRESSION, HTTP_METHOD, PERMISSION_URL, PARENT_ID, TENANT_ID, VALIDATE_STATE, CREATED_BY, CREATED_TIME, UPDATED_BY, UPDATED_TIME) VALUES (41, '租户01资源01-02', 'url', '', 'GET', 'http://upms.pangu.com:8888/bbb', 38, 'S001', '1', null, '2020-01-19 16:15:51', null, '2020-01-19 16:21:31');
INSERT INTO sys_permission (ID, PERMISSION_NAME, PERMISSION_TYPE, PERMISSION_EXPRESSION, HTTP_METHOD, PERMISSION_URL, PARENT_ID, TENANT_ID, VALIDATE_STATE, CREATED_BY, CREATED_TIME, UPDATED_BY, UPDATED_TIME) VALUES (42, '租户01资源02-01', 'url', '', 'GET', 'http://upms.pangu.com:8888/ccc', 39, 'S001', '1', null, '2020-01-19 16:16:06', null, '2020-01-19 16:21:42');
INSERT INTO sys_permission (ID, PERMISSION_NAME, PERMISSION_TYPE, PERMISSION_EXPRESSION, HTTP_METHOD, PERMISSION_URL, PARENT_ID, TENANT_ID, VALIDATE_STATE, CREATED_BY, CREATED_TIME, UPDATED_BY, UPDATED_TIME) VALUES (43, '租户02资源01', 'module', '', '', '', 37, 'S002', '1', null, '2020-01-20 10:22:06', null, '2020-01-20 10:22:06');
INSERT INTO sys_permission (ID, PERMISSION_NAME, PERMISSION_TYPE, PERMISSION_EXPRESSION, HTTP_METHOD, PERMISSION_URL, PARENT_ID, TENANT_ID, VALIDATE_STATE, CREATED_BY, CREATED_TIME, UPDATED_BY, UPDATED_TIME) VALUES (44, '租户02资源02', 'module', '', '', '', 37, 'S002', '1', null, '2020-01-20 10:22:19', null, '2020-01-20 10:22:19');
INSERT INTO sys_permission (ID, PERMISSION_NAME, PERMISSION_TYPE, PERMISSION_EXPRESSION, HTTP_METHOD, PERMISSION_URL, PARENT_ID, TENANT_ID, VALIDATE_STATE, CREATED_BY, CREATED_TIME, UPDATED_BY, UPDATED_TIME) VALUES (45, '租户02资源03', 'module', '', '', '', 37, 'S002', '1', null, '2020-01-20 10:22:32', null, '2020-01-20 10:22:32');
INSERT INTO sys_permission (ID, PERMISSION_NAME, PERMISSION_TYPE, PERMISSION_EXPRESSION, HTTP_METHOD, PERMISSION_URL, PARENT_ID, TENANT_ID, VALIDATE_STATE, CREATED_BY, CREATED_TIME, UPDATED_BY, UPDATED_TIME) VALUES (46, '租户02资源01-01', 'url', 'http://upms.pangu.com:8888/demo/aaa', 'GET', '', 43, 'S002', '1', null, '2020-01-20 10:23:28', null, '2020-01-20 10:23:28');
INSERT INTO sys_permission (ID, PERMISSION_NAME, PERMISSION_TYPE, PERMISSION_EXPRESSION, HTTP_METHOD, PERMISSION_URL, PARENT_ID, TENANT_ID, VALIDATE_STATE, CREATED_BY, CREATED_TIME, UPDATED_BY, UPDATED_TIME) VALUES (47, '租户02资源02-01', 'url', '', 'GET', 'http://upms.pangu.com:8888/demo/bbb', 44, 'S002', '1', null, '2020-01-20 10:24:06', null, '2020-01-20 10:24:06');
INSERT INTO sys_permission (ID, PERMISSION_NAME, PERMISSION_TYPE, PERMISSION_EXPRESSION, HTTP_METHOD, PERMISSION_URL, PARENT_ID, TENANT_ID, VALIDATE_STATE, CREATED_BY, CREATED_TIME, UPDATED_BY, UPDATED_TIME) VALUES (48, '租户02资源03-01', 'url', '', 'GET', 'http://upms.pangu.com:8888/demo/ccc', 45, 'S002', '1', null, '2020-01-20 10:24:32', null, '2020-01-20 10:24:32');
INSERT INTO sys_permission (ID, PERMISSION_NAME, PERMISSION_TYPE, PERMISSION_EXPRESSION, HTTP_METHOD, PERMISSION_URL, PARENT_ID, TENANT_ID, VALIDATE_STATE, CREATED_BY, CREATED_TIME, UPDATED_BY, UPDATED_TIME) VALUES (49, '租户02资源03-02', 'url', '', 'GET', 'http://upms.pangu.com:8888/demo/ddd', 45, 'S002', '1', null, '2020-01-20 10:25:08', null, '2020-01-20 10:25:08');
INSERT INTO sys_role (ID, ROLE_CODE, ROLE_NAME, ROLE_TYPE, TENANT_ID, VALIDATE_STATE, CREATED_BY, CREATED_TIME, UPDATED_BY, UPDATED_TIME) VALUES (1, 'rbac-admin', '权限管理系统管理员', '0', 'S000', '1', 'admin', '2019-09-16 10:05:15', 'admin', '2019-09-16 10:05:15');
INSERT INTO sys_role (ID, ROLE_CODE, ROLE_NAME, ROLE_TYPE, TENANT_ID, VALIDATE_STATE, CREATED_BY, CREATED_TIME, UPDATED_BY, UPDATED_TIME) VALUES (2, 't01-admin', '租户01管理员', '0', 'S001', '1', null, '2020-01-19 16:11:42', null, '2020-01-19 16:11:42');
INSERT INTO sys_role (ID, ROLE_CODE, ROLE_NAME, ROLE_TYPE, TENANT_ID, VALIDATE_STATE, CREATED_BY, CREATED_TIME, UPDATED_BY, UPDATED_TIME) VALUES (3, 't02-admin', '租户02管理员', '0', 'S002', '1', null, '2020-01-19 16:19:58', null, '2020-01-19 16:19:58');
INSERT INTO sys_role (ID, ROLE_CODE, ROLE_NAME, ROLE_TYPE, TENANT_ID, VALIDATE_STATE, CREATED_BY, CREATED_TIME, UPDATED_BY, UPDATED_TIME) VALUES (4, 't01-common', '租户01普通角色', '0', 'S001', '1', null, '2020-01-20 10:20:00', null, '2020-01-20 10:20:00');
INSERT INTO sys_role (ID, ROLE_CODE, ROLE_NAME, ROLE_TYPE, TENANT_ID, VALIDATE_STATE, CREATED_BY, CREATED_TIME, UPDATED_BY, UPDATED_TIME) VALUES (5, 't01-common', '租户02普通角色', '0', 'S002', '1', null, '2020-01-20 10:21:30', null, '2020-01-20 10:21:30');
INSERT INTO sys_role_permission (ID, ROLE_ID, PERMISSION_ID, TENANT_ID, VALIDATE_STATE, CREATED_BY, CREATED_TIME, UPDATED_BY, UPDATED_TIME) VALUES (63, 1, 2, 'S000', '1', null, '2019-11-07 16:04:55', null, '2019-11-07 16:04:55');
INSERT INTO sys_role_permission (ID, ROLE_ID, PERMISSION_ID, TENANT_ID, VALIDATE_STATE, CREATED_BY, CREATED_TIME, UPDATED_BY, UPDATED_TIME) VALUES (64, 1, 4, 'S000', '1', null, '2019-11-07 16:04:55', null, '2019-11-07 16:04:55');
INSERT INTO sys_role_permission (ID, ROLE_ID, PERMISSION_ID, TENANT_ID, VALIDATE_STATE, CREATED_BY, CREATED_TIME, UPDATED_BY, UPDATED_TIME) VALUES (65, 1, 5, 'S000', '1', null, '2019-11-07 16:04:55', null, '2019-11-07 16:04:55');
INSERT INTO sys_role_permission (ID, ROLE_ID, PERMISSION_ID, TENANT_ID, VALIDATE_STATE, CREATED_BY, CREATED_TIME, UPDATED_BY, UPDATED_TIME) VALUES (66, 1, 6, 'S000', '1', null, '2019-11-07 16:04:55', null, '2019-11-07 16:04:55');
INSERT INTO sys_role_permission (ID, ROLE_ID, PERMISSION_ID, TENANT_ID, VALIDATE_STATE, CREATED_BY, CREATED_TIME, UPDATED_BY, UPDATED_TIME) VALUES (67, 1, 7, 'S000', '1', null, '2019-11-07 16:04:55', null, '2019-11-07 16:04:55');
INSERT INTO sys_role_permission (ID, ROLE_ID, PERMISSION_ID, TENANT_ID, VALIDATE_STATE, CREATED_BY, CREATED_TIME, UPDATED_BY, UPDATED_TIME) VALUES (68, 1, 8, 'S000', '1', null, '2019-11-07 16:04:55', null, '2019-11-07 16:04:55');
INSERT INTO sys_role_permission (ID, ROLE_ID, PERMISSION_ID, TENANT_ID, VALIDATE_STATE, CREATED_BY, CREATED_TIME, UPDATED_BY, UPDATED_TIME) VALUES (69, 2, 40, 'S001', '1', null, '2020-01-19 16:19:28', null, '2020-01-19 16:19:28');
INSERT INTO sys_role_permission (ID, ROLE_ID, PERMISSION_ID, TENANT_ID, VALIDATE_STATE, CREATED_BY, CREATED_TIME, UPDATED_BY, UPDATED_TIME) VALUES (70, 2, 41, 'S001', '1', null, '2020-01-19 16:19:28', null, '2020-01-19 16:19:28');
INSERT INTO sys_role_permission (ID, ROLE_ID, PERMISSION_ID, TENANT_ID, VALIDATE_STATE, CREATED_BY, CREATED_TIME, UPDATED_BY, UPDATED_TIME) VALUES (71, 3, 48, 'S002', '1', null, '2020-01-20 10:29:00', null, '2020-01-20 10:29:00');
INSERT INTO sys_role_permission (ID, ROLE_ID, PERMISSION_ID, TENANT_ID, VALIDATE_STATE, CREATED_BY, CREATED_TIME, UPDATED_BY, UPDATED_TIME) VALUES (72, 3, 49, 'S002', '1', null, '2020-01-20 10:29:00', null, '2020-01-20 10:29:00');
INSERT INTO sys_tenant (ID, TENANT_NAME, TENANT_ID, VALIDATE_STATE, CREATED_BY, CREATED_TIME, UPDATED_BY, UPDATED_TIME) VALUES (19, '租户1', 'S001', '1', null, '2019-11-06 16:10:05', null, '2020-01-19 15:10:21');
INSERT INTO sys_tenant (ID, TENANT_NAME, TENANT_ID, VALIDATE_STATE, CREATED_BY, CREATED_TIME, UPDATED_BY, UPDATED_TIME) VALUES (20, '租户2', 'S002', '1', null, '2019-11-07 15:49:11', null, '2020-01-19 15:10:28');


INSERT INTO sys_user (ID, USER_NAME, USER_NO, LOGIN_NAME, PASSWORD, SALT, MOBILE, EMAIL, USER_IMAGE, SEX, BIRTHDAY, NATIONALITY, EDUCATION, JOB, HOME_ADDRESS, HOME_ZIPCODE, HOME_TEL, OFFICE_TEL, OFFICE_ADDRESS, ORDER_BY, IS_LOCKED, VERSION, PROBATION_PERIOD, ENTRY_DATE, QUIT_DATE, WORK_DATE, POLITICAL_STATUS, USER_RELATION, CREATE_DATE, CARD_NO, ANNUAL_LEAVE, JXZJ, NJQSRQ, PWD_FAILURES, LOGIN_TIME, TENANT_ID, VALIDATE_STATE, CREATED_BY, CREATED_TIME, UPDATED_BY, UPDATED_TIME) VALUES (1, '管理员', 'admin', 'admin', '123456', null, '18010471745', 'abc@163.com', null, '1', '1992-01-01', '汉', '研究生', '黄牛', '不祥', null, null, null, null, null, null, null, null, null, null, null, null, null, null, null, null, null, null, null, null, 'S000', null, null, null, null, null);
INSERT INTO sys_user_role (ID, USER_ID, ROLE_ID, TENANT_ID, VALIDATE_STATE, CREATED_BY, CREATED_TIME, UPDATED_BY, UPDATED_TIME) VALUES (1, 1, 1, 'S000', '1', 'admin', '2019-10-29 02:43:16', 'admin', '2019-10-29 02:43:21');
INSERT INTO sys_user_tenant (ID, USER_ID, TENANT_ID, VALIDATE_STATE, CREATED_BY, CREATED_TIME, UPDATED_BY, UPDATED_TIME) VALUES (7, 1, 19, '1', null, '2020-01-19 15:17:08', null, '2020-01-19 15:17:08');
INSERT INTO sys_view (ID, PERMISSION_ID, VIEW_NAME, VIEW_TYPE, VIEW_ICON, VIEW_PATH, VIEW_COMPONENT, PARENT_ID, VIEW_ORDER, TENANT_ID, VALIDATE_STATE, CREATED_BY, CREATED_TIME, UPDATED_BY, UPDATED_TIME) VALUES (1, 1, '权限管理系统', 'root', null, null, null, 0, 1, 'S000', '1', 'admin', '2019-10-22 02:59:00', 'admin', '2019-10-22 02:59:07');
INSERT INTO sys_view (ID, PERMISSION_ID, VIEW_NAME, VIEW_TYPE, VIEW_ICON, VIEW_PATH, VIEW_COMPONENT, PARENT_ID, VIEW_ORDER, TENANT_ID, VALIDATE_STATE, CREATED_BY, CREATED_TIME, UPDATED_BY, UPDATED_TIME) VALUES (27, 36, '租户1', 'root', null, null, null, 0, 1, 'S001', '1', null, '2019-11-06 16:10:05', null, '2019-11-06 16:10:05');
INSERT INTO sys_view (ID, PERMISSION_ID, VIEW_NAME, VIEW_TYPE, VIEW_ICON, VIEW_PATH, VIEW_COMPONENT, PARENT_ID, VIEW_ORDER, TENANT_ID, VALIDATE_STATE, CREATED_BY, CREATED_TIME, UPDATED_BY, UPDATED_TIME) VALUES (28, 37, '租户2', 'root', null, null, null, 0, 1, 'S002', '1', null, '2019-11-07 15:49:11', null, '2019-11-07 15:49:11');
INSERT INTO sys_view (ID, PERMISSION_ID, VIEW_NAME, VIEW_TYPE, VIEW_ICON, VIEW_PATH, VIEW_COMPONENT, PARENT_ID, VIEW_ORDER, TENANT_ID, VALIDATE_STATE, CREATED_BY, CREATED_TIME, UPDATED_BY, UPDATED_TIME) VALUES (29, 2, '首页', 'menu', '', 'system-operation-authority/system-user-managerment', 'home', 1, 1, 'S000', '1', null, '2019-12-03 15:54:57', null, '2019-12-03 15:54:57');
INSERT INTO sys_view (ID, PERMISSION_ID, VIEW_NAME, VIEW_TYPE, VIEW_ICON, VIEW_PATH, VIEW_COMPONENT, PARENT_ID, VIEW_ORDER, TENANT_ID, VALIDATE_STATE, CREATED_BY, CREATED_TIME, UPDATED_BY, UPDATED_TIME) VALUES (30, 40, '租户01菜单01', 'menu', '', '', '', 27, null, 'S001', '1', null, '2020-01-19 16:18:42', null, '2020-01-19 16:18:42');
INSERT INTO sys_view (ID, PERMISSION_ID, VIEW_NAME, VIEW_TYPE, VIEW_ICON, VIEW_PATH, VIEW_COMPONENT, PARENT_ID, VIEW_ORDER, TENANT_ID, VALIDATE_STATE, CREATED_BY, CREATED_TIME, UPDATED_BY, UPDATED_TIME) VALUES (31, 41, '租户01菜单02', 'menu', '', '', '', 27, null, 'S001', '1', null, '2020-01-19 16:19:05', null, '2020-01-19 16:19:05');
INSERT INTO sys_view (ID, PERMISSION_ID, VIEW_NAME, VIEW_TYPE, VIEW_ICON, VIEW_PATH, VIEW_COMPONENT, PARENT_ID, VIEW_ORDER, TENANT_ID, VALIDATE_STATE, CREATED_BY, CREATED_TIME, UPDATED_BY, UPDATED_TIME) VALUES (32, 42, '租户01菜单01-01', 'menu', '', '', '', 30, null, 'S001', '1', null, '2020-01-19 16:22:22', null, '2020-01-19 16:22:22');
INSERT INTO sys_view (ID, PERMISSION_ID, VIEW_NAME, VIEW_TYPE, VIEW_ICON, VIEW_PATH, VIEW_COMPONENT, PARENT_ID, VIEW_ORDER, TENANT_ID, VALIDATE_STATE, CREATED_BY, CREATED_TIME, UPDATED_BY, UPDATED_TIME) VALUES (33, 46, '租户02菜单01', 'menu', '', '', '', 28, null, 'S002', '1', null, '2020-01-20 10:26:42', null, '2020-01-20 10:26:42');
INSERT INTO sys_view (ID, PERMISSION_ID, VIEW_NAME, VIEW_TYPE, VIEW_ICON, VIEW_PATH, VIEW_COMPONENT, PARENT_ID, VIEW_ORDER, TENANT_ID, VALIDATE_STATE, CREATED_BY, CREATED_TIME, UPDATED_BY, UPDATED_TIME) VALUES (34, 47, '租户02菜单02', 'menu', '', '', '', 28, null, 'S002', '1', null, '2020-01-20 10:27:08', null, '2020-01-20 10:27:08');
INSERT INTO sys_view (ID, PERMISSION_ID, VIEW_NAME, VIEW_TYPE, VIEW_ICON, VIEW_PATH, VIEW_COMPONENT, PARENT_ID, VIEW_ORDER, TENANT_ID, VALIDATE_STATE, CREATED_BY, CREATED_TIME, UPDATED_BY, UPDATED_TIME) VALUES (35, 48, '租户02菜单01-01', 'menu', '', '', '', 33, null, 'S002', '1', null, '2020-01-20 10:27:49', null, '2020-01-20 10:27:49');
INSERT INTO sys_view (ID, PERMISSION_ID, VIEW_NAME, VIEW_TYPE, VIEW_ICON, VIEW_PATH, VIEW_COMPONENT, PARENT_ID, VIEW_ORDER, TENANT_ID, VALIDATE_STATE, CREATED_BY, CREATED_TIME, UPDATED_BY, UPDATED_TIME) VALUES (36, 49, '租户02菜单02-01', 'menu', '', '', '', 34, null, 'S002', '1', null, '2020-01-20 10:28:39', null, '2020-01-20 10:28:39');


